"Group","File","Source","Snapshot","Sha256","Bytes"
"visual","readability_accuracy_lesson.png","D:\ProjectLoB\worktrees\core-redesign\qa_runtime\readability\visual\Roaming\Godot\app_userdata\Last on Board - Core Redesign\readability_accuracy_lesson.png","D:\ProjectLoB\worktrees\core-redesign\docs\qa\reports\readability_experience_2026-09-13_assets\visual\readability_accuracy_lesson.png","FB3F16047F319B9561424427255211412E994F2B5E462DE68152F7DDD9C39897","158394"
"visual","readability_armor.png","D:\ProjectLoB\worktrees\core-redesign\qa_runtime\readability\visual\Roaming\Godot\app_userdata\Last on Board - Core Redesign\readability_armor.png","D:\ProjectLoB\worktrees\core-redesign\docs\qa\reports\readability_experience_2026-09-13_assets\visual\readability_armor.png","880996C174167B8796CA189AC7E4B18EF04C69BBF21EC93E3D51E3C7560CAC36","54040"
"visual","readability_boost.png","D:\ProjectLoB\worktrees\core-redesign\qa_runtime\readability\visual\Roaming\Godot\app_userdata\Last on Board - Core Redesign\readability_boost.png","D:\ProjectLoB\worktrees\core-redesign\docs\qa\reports\readability_experience_2026-09-13_assets\visual\readability_boost.png","47ED7B24F1EE4A279CFB67FA0F29D09D40E5159F2A41114A1C867D32438B474E","48652"
"visual","readability_full_1280.png","D:\ProjectLoB\worktrees\core-redesign\qa_runtime\readability\visual\Roaming\Godot\app_userdata\Last on Board - Core Redesign\readability_full_1280.png","D:\ProjectLoB\worktrees\core-redesign\docs\qa\reports\readability_experience_2026-09-13_assets\visual\readability_full_1280.png","24ACD116D9D138D66ACD6411D68EC0799902E02DE391E386D9C7AF00BDE93164","85175"
"visual","readability_full_phone.png","D:\ProjectLoB\worktrees\core-redesign\qa_runtime\readability\visual\Roaming\Godot\app_userdata\Last on Board - Core Redesign\readability_full_phone.png","D:\ProjectLoB\worktrees\core-redesign\docs\qa\reports\readability_experience_2026-09-13_assets\visual\readability_full_phone.png","C17385F972EB5DAF46A37A0760652CDFFC9958B966277857DCF1151B9DB72F00","212648"
"visual","readability_intro.png","D:\ProjectLoB\worktrees\core-redesign\qa_runtime\readability\visual\Roaming\Godot\app_userdata\Last on Board - Core Redesign\readability_intro.png","D:\ProjectLoB\worktrees\core-redesign\docs\qa\reports\readability_experience_2026-09-13_assets\visual\readability_intro.png","B3EDEEE53DA8DFD89BCF7BDEE7FCE7635886E4FB5572E0CCFB25CBF8428D6E74","43097"
"visual","readability_shatter.png","D:\ProjectLoB\worktrees\core-redesign\qa_runtime\readability\visual\Roaming\Godot\app_userdata\Last on Board - Core Redesign\readability_shatter.png","D:\ProjectLoB\worktrees\core-redesign\docs\qa\reports\readability_experience_2026-09-13_assets\visual\readability_shatter.png","C0790E74CF5CFB6FB7C5E471404F5015F59CA83DBCBC14E1D727207CAA511639","61309"
"ui_campaign","course_burst_01_plan.png","D:\ProjectLoB\worktrees\core-redesign\qa_runtime\readability\ui_campaign\Roaming\Godot\app_userdata\Last on Board - Core Redesign\course_burst_01_plan.png","D:\ProjectLoB\worktrees\core-redesign\docs\qa\reports\readability_experience_2026-09-13_assets\ui_campaign\course_burst_01_plan.png","91C044EB30C8F7B85B07F4D77ACC42CFE31D122882C06DD0061A61905DA8F800","48267"
"ui_campaign","course_burst_04_plan.png","D:\ProjectLoB\worktrees\core-redesign\qa_runtime\readability\ui_campaign\Roaming\Godot\app_userdata\Last on Board - Core Redesign\course_burst_04_plan.png","D:\ProjectLoB\worktrees\core-redesign\docs\qa\reports\readability_experience_2026-09-13_assets\ui_campaign\course_burst_04_plan.png","BED822E83271BFC4D6401FF014F9445F7561EBE67D0E2BEADD1576E3C4574201","60729"
"ui_campaign","course_burst_07_plan.png","D:\ProjectLoB\worktrees\core-redesign\qa_runtime\readability\ui_campaign\Roaming\Godot\app_userdata\Last on Board - Core Redesign\course_burst_07_plan.png","D:\ProjectLoB\worktrees\core-redesign\docs\qa\reports\readability_experience_2026-09-13_assets\ui_campaign\course_burst_07_plan.png","A1EA3D1A1CC7ACBD9C679D1EEB353C4FEC63CA39D9B211EEC1930D91CDF83EC5","62191"
"ui_campaign","course_burst_07_won_actual.png","D:\ProjectLoB\worktrees\core-redesign\qa_runtime\readability\ui_campaign\Roaming\Godot\app_userdata\Last on Board - Core Redesign\course_burst_07_won_actual.png","D:\ProjectLoB\worktrees\core-redesign\docs\qa\reports\readability_experience_2026-09-13_assets\ui_campaign\course_burst_07_won_actual.png","7D531D0238026D44D1A16691BB522B2FA85C8163D2B1E588B38B666BBDAD1053","24566"
"ui_campaign","course_single_01_plan.png","D:\ProjectLoB\worktrees\core-redesign\qa_runtime\readability\ui_campaign\Roaming\Godot\app_userdata\Last on Board - Core Redesign\course_single_01_plan.png","D:\ProjectLoB\worktrees\core-redesign\docs\qa\reports\readability_experience_2026-09-13_assets\ui_campaign\course_single_01_plan.png","91977030C3B36E92A63B6835403CB539D6A2A21CC4BB0672C2FA093F23A8AA04","46884"
"ui_campaign","course_single_04_plan.png","D:\ProjectLoB\worktrees\core-redesign\qa_runtime\readability\ui_campaign\Roaming\Godot\app_userdata\Last on Board - Core Redesign\course_single_04_plan.png","D:\ProjectLoB\worktrees\core-redesign\docs\qa\reports\readability_experience_2026-09-13_assets\ui_campaign\course_single_04_plan.png","43AEB80E6BF567EA55956D5813E1A10AF9EC970D1F2CDA49B84F9502398878CA","64611"
"ui_campaign","course_single_07_plan.png","D:\ProjectLoB\worktrees\core-redesign\qa_runtime\readability\ui_campaign\Roaming\Godot\app_userdata\Last on Board - Core Redesign\course_single_07_plan.png","D:\ProjectLoB\worktrees\core-redesign\docs\qa\reports\readability_experience_2026-09-13_assets\ui_campaign\course_single_07_plan.png","FDCAFE8B2C4007DDC7D9248F75E0066C0DA073E22598D6D1CA04374CE28DEDD3","65745"
"ui_campaign","course_single_07_won_actual.png","D:\ProjectLoB\worktrees\core-redesign\qa_runtime\readability\ui_campaign\Roaming\Godot\app_userdata\Last on Board - Core Redesign\course_single_07_won_actual.png","D:\ProjectLoB\worktrees\core-redesign\docs\qa\reports\readability_experience_2026-09-13_assets\ui_campaign\course_single_07_won_actual.png","2A03961EC6E8FBB26D89C202A518C95B43E1DFC13E12A9958C5AED141589FC88","24981"
"ui_campaign","ordinary_burst_01_plan.png","D:\ProjectLoB\worktrees\core-redesign\qa_runtime\readability\ui_campaign\Roaming\Godot\app_userdata\Last on Board - Core Redesign\ordinary_burst_01_plan.png","D:\ProjectLoB\worktrees\core-redesign\docs\qa\reports\readability_experience_2026-09-13_assets\ui_campaign\ordinary_burst_01_plan.png","A7B0C6363E2793E9DB935DBBD50B4F7468530FEB292987B485A84CCCE1ACB1C3","59650"
"ui_campaign","ordinary_burst_04_plan.png","D:\ProjectLoB\worktrees\core-redesign\qa_runtime\readability\ui_campaign\Roaming\Godot\app_userdata\Last on Board - Core Redesign\ordinary_burst_04_plan.png","D:\ProjectLoB\worktrees\core-redesign\docs\qa\reports\readability_experience_2026-09-13_assets\ui_campaign\ordinary_burst_04_plan.png","C8AECF3741409A673E585253B6B8638BD6A867FBE029E3E37A91A17E5245A6AF","68859"
"ui_campaign","ordinary_burst_07_plan.png","D:\ProjectLoB\worktrees\core-redesign\qa_runtime\readability\ui_campaign\Roaming\Godot\app_userdata\Last on Board - Core Redesign\ordinary_burst_07_plan.png","D:\ProjectLoB\worktrees\core-redesign\docs\qa\reports\readability_experience_2026-09-13_assets\ui_campaign\ordinary_burst_07_plan.png","914ACBDA143AAAD95AE7F03B7B22B84C4BBD2F0D53A9DD4A77BA3DB8FF78FAD0","62936"
"ui_campaign","ordinary_burst_07_won_actual.png","D:\ProjectLoB\worktrees\core-redesign\qa_runtime\readability\ui_campaign\Roaming\Godot\app_userdata\Last on Board - Core Redesign\ordinary_burst_07_won_actual.png","D:\ProjectLoB\worktrees\core-redesign\docs\qa\reports\readability_experience_2026-09-13_assets\ui_campaign\ordinary_burst_07_won_actual.png","E0318CB487975447051A26FAB3638BCB4F9A8058B79C65EB08EBD9C6F9634EB1","24741"
"ui_campaign","ordinary_single_01_plan.png","D:\ProjectLoB\worktrees\core-redesign\qa_runtime\readability\ui_campaign\Roaming\Godot\app_userdata\Last on Board - Core Redesign\ordinary_single_01_plan.png","D:\ProjectLoB\worktrees\core-redesign\docs\qa\reports\readability_experience_2026-09-13_assets\ui_campaign\ordinary_single_01_plan.png","D49CC7A1DC841A05EFF2221C4A886341B00AABDAE82928DA2E077DADEEC90A7B","58231"
"ui_campaign","ordinary_single_04_plan.png","D:\ProjectLoB\worktrees\core-redesign\qa_runtime\readability\ui_campaign\Roaming\Godot\app_userdata\Last on Board - Core Redesign\ordinary_single_04_plan.png","D:\ProjectLoB\worktrees\core-redesign\docs\qa\reports\readability_experience_2026-09-13_assets\ui_campaign\ordinary_single_04_plan.png","EC17ACD9E520CC9B62AD68E2AED61B893D7FD6CE21961134FBBEF3CD085B25D1","68989"
"ui_campaign","ordinary_single_07_plan.png","D:\ProjectLoB\worktrees\core-redesign\qa_runtime\readability\ui_campaign\Roaming\Godot\app_userdata\Last on Board - Core Redesign\ordinary_single_07_plan.png","D:\ProjectLoB\worktrees\core-redesign\docs\qa\reports\readability_experience_2026-09-13_assets\ui_campaign\ordinary_single_07_plan.png","05F743B876F84F848E68C95791D5313FC4ED286E0DC04B57892DE044D838C258","57594"
"ui_campaign","ordinary_single_07_won_actual.png","D:\ProjectLoB\worktrees\core-redesign\qa_runtime\readability\ui_campaign\Roaming\Godot\app_userdata\Last on Board - Core Redesign\ordinary_single_07_won_actual.png","D:\ProjectLoB\worktrees\core-redesign\docs\qa\reports\readability_experience_2026-09-13_assets\ui_campaign\ordinary_single_07_won_actual.png","3479FB4ACA4E8B1DC09D2B54E47F9AB6F9DE9DD5B92607124466B4B98666300E","25111"
"visual","readability_inspect_mode.png","D:\ProjectLoB\worktrees\core-redesign\qa_runtime\readability\visual\Roaming\Godot\app_userdata\Last on Board - Core Redesign\readability_inspect_mode.png","D:\ProjectLoB\worktrees\core-redesign\docs\qa\reports\readability_experience_2026-09-13_assets\visual\readability_inspect_mode.png","DEEB168B7D4FBD12989B788A4F206BE9E9CE2ACBA8A4DE546527140F0BC60D8F","48275"
